{
  "images": [
    {
      "width": 1080,
      "height": 2400,
      "id": 0,
      "file_name": "..\/..\/label-studio\/data\/media\/upload\/1\/ec986df7-city_main.png"
    },
    {
      "width": 1080,
      "height": 2400,
      "id": 1,
      "file_name": "..\/..\/label-studio\/data\/media\/upload\/1\/cb02ab01-exploration.png"
    }
  ],
  "categories": [
    {
      "id": 0,
      "name": "Button"
    }
  ],
  "annotations": [],
  "info": {
    "year": 2025,
    "version": "1.0",
    "description": "",
    "contributor": "Label Studio",
    "url": "",
    "date_created": "2025-03-25 17:16:34.372626"
  }
}